UserID,Date,Timekeeper,Client ,Matter,Task,Activity,Billable,HoursWorked,HoursBilled,Rate,Amount,Phase,Code1,Code2,Code3,Note,Narrative
DCRA,20240401,DCRA,1014,36088,,,,0.5,0.5,,,,,,,,Email with Kathy concerning case update.
DCRA,20240401,DCRA,4347,35742,,,,0.1,0.1,,,,,,,,Email with opposing counsel concerning settlment.
DCRA,20240401,DCRA,1014,33242,,,,0.1,0.1,,,,,,,,Email to clients concerning settlement.
DCRA,20240401,DCRA,1014,33180,,,,0.5,0.5,,,,,,,,Telephone conference with opposing counsel concerning continued trial date.
DCRA,20240401,DCRA,1014,33180,,,,0.2,0.2,,,,,,,,Email to opposing counsel concerning stipulation for new trial date.
DCRA,20240401,DCRA,1014,33180,,,,0.4,0.4,,,,,,,,Email to clients concerning necessity to move trial date. 
DCRA,20240401,DCRA,3911,33823,,,,0.2,0.2,,,,,,,,"Review subpoena to Wingstop, Inc. for basis for motion to quash."
DCRA,20240401,DCRA,1027,37380,,,,0.2,0.2,,,,,,,,Email clients concerning mediation with Linda Meyer.
DCRA,20240401,DCRA,1027,37380,,,,0.1,0.1,,,,,,,,Emails to Gregg and Diane concerning mediation with Linda Meyer.
DCRA,20240401,DCRA,1522,34550,,,,0.3,0.3,,,,,,,,Review and update demand for exchange of expert information.
DCRA,20240401,DCRA,1014,33180,,,,0.1,0.1,,,,,,,,Email from Susan concerning trial availability.
DCRA,20240401,DCRA,1014,36088,,,,0.2,0.2,,,,,,,,Email with Ms. Freeman of EEOC concerning settlement.
DCRA,20240401,DCRA,1027,37380,,,,0.1,0.1,,,,,,,,Email with mediator concerning upcoming mediation.
DCRA,20240401,DCRA,3911,33823,,,,0.6,0.6,,,,,,,,Preparation of meet and confer to opposing counsel concerning demurrer to Third Amended Complaint.
DCRA,20240402,DCRA,4201,34870,,,,0.2,0.2,,,,,,,,Email to opposing counsel concerning early motion for summary adjudication.
DCRA,20240402,DCRA,4347,35742,,,,0.2,0.2,,,,,,,,Email with client concerning settlement.
DCRA,20240402,DCRA,1637,33865,,,,2.3,2.3,,,,,,,,Admin-appeals
DCRA,20240402,DCRA,1326,37642,,,,0.2,0.2,,,,,,,,Email to Callaghan concerning representation.
DCRA,20240402,DCRA,1014,33180,,,,0.2,0.2,,,,,,,,Further email to opposing counsel concerning stipulation to continue trial.
DCRA,20240402,DCRA,1014,38411,,,,0.2,0.2,,,,,,,,Preparation of SIR and preservation letters.
DCRA,20240402,DCRA,1326,37642,,,,0.5,0.5,,,,,,,,Correspondence to client concerning engagement and document collection and preservation.
DCRA,20240402,DCRA,1014,33180,,,,0.3,0.3,,,,,,,,Draft stipulation to continue trial date.
DCRA,20240402,DCRA,1027,37380,,,,0.9,0.9,,,,,,,,Prepare budget for matter .
DCRA,20240402,DCRA,1027,37380,,,,0.2,0.2,,,,,,,,Email to Gregg and Matt concerning budget.
DCRA,20240403,DCRA,1014,35348,,,,0.2,0.2,,,,,,,,Email to opposing counsel concerning mediation.
DCRA,20240403,DCRA,4340,35711,,,,0.1,0.1,,,,,,,,Email to Julie concerning case assessment and budget.
DCRA,20240403,DCRA,4201,34870,,,,0.5,0.5,,,,,,,,Telephone conference with Rob concerning schedule of SF matter and early motion for summary adjudication.
DCRA,20240403,DCRA,3911,33823,,,,0.7,0.7,,,,,,,,Telephone conference with Jeremy concerning demurrer to Third Amended Complaint.
DCRA,20240403,DCRA,4201,34870,,,,0.1,0.1,,,,,,,,Email to Janice concerning accrual.
DCRA,20240403,DCRA,1010,38013,,,,0.3,0.3,,,,,,,,Review deposition notice to client Tapley and further handling.
DCRA,20240403,DCRA,1010,38013,,,,0.1,0.1,,,,,,,,Email from prior counsel Woods concerning file transfer and further handling.
DCRA,20240403,DCRA,1014,33241,,,,0.3,0.3,,,,,,,,Assessment of potential benefits of requiring an inperson deposition of Plaintiff against potential cost of a motion to compel.
DCRA,20240403,DCRA,1014,33242,,,,0.1,0.1,,,,,,,,Email to opposing counsel concerning settlement.
DCRA,20240403,DCRA,1014,33242,,,,0.5,0.5,,,,,,,,Telephone call with opposing counsel Simon Grigorian concerning settlement.
DCRA,20240403,DCRA,1014,35164,,,,0.2,0.2,,,,,,,,Email to clients concerning potential service of complaint.
DCRA,20240403,DCRA,1522,34550,,,,0.4,0.4,,,,,,,,"Email concerning case status, including withdrawal from the case by Griffith and Horn."
DCRA,20240403,DCRA,1014,35348,,,,0.1,0.1,,,,,,,,Email from opposing counsel Dan Price concerning mediation.
DCRA,20240403,DCRA,1045,34676,,,,0.3,0.3,,,,,,,,Email to clients updating case relating to service of 998s and upcoming mediation.
DCRA,20240403,DCRA,1027,37380,,,,0.4,0.4,,,,,,,,Email to clients concerning case status and update.
DCRA,20240403,DCRA,1326,37642,,,,0.3,0.3,,,,,,,,Email to Michael and Carrie concerning factfinding interviews.
DCRA,20240404,DCRA,1326,37642,,,,0.2,0.2,,,,,,,,Email from Carrie concerning site visit to room and board.
DCRA,20240404,DCRA,1014,33180,,,,0.1,0.1,,,,,,,,Email to Henson concerning trial subpoena.
DCRA,20240405,DCRA,1014,33180,,,,0.2,0.2,,,,,,,,Email from opposing counsel concerning cmc.
DCRA,20240405,DCRA,4340,35711,,,,0.1,0.1,,,,,,,,Review and update case management conference statement.
DCRA,20240405,DCRA,4340,35711,,,,2.6,2.6,,,,,,,,Preparation of case assessment and budget.
DCRA,20240405,DCRA,4340,35711,,,,0.2,0.2,,,,,,,,Email to opposing counsel concerning mediation date.
DCRA,20240405,DCRA,1014,33180,,,,0.3,0.3,,,,,,,,Revise stipulation to continue trial based on Judge Brodericks instructions.
DCRA,20240405,DCRA,4340,35711,,,,0.2,0.2,,,,,,,,Email to client concerning case assessment and budget.
DCRA,20240405,DCRA,1014,38411,,,,0.1,0.1,,,,,,,,Email to Mat (former counsel) concerning case status.
DCRA,20240406,DCRA,1014,33180,,,,0.2,0.2,,,,,,,,Further email to Henson concerning trial subpoeana.
DCRA,20240406,DCRA,1014,33180,,,,0.1,0.1,,,,,,,,Email opposing counsel concerning revised stipulation.
DCRA,20240406,DCRA,1014,33242,,,,0.3,0.3,,,,,,,,Email to clients concerning Plaintiff's settlement demand.
DCRA,20240406,DCRA,1522,34550,,,,1,1,,,,,,,,Telephone conference with Septic expert Bonneau Dickson.
DCRA,20240406,DCRA,1637,33865,,,,0.1,0.1,,,,,,,,Email Brandon and Matt concerning case dismissal.
DCRA,20240408,DCRA,1010,38013,,,,0.3,0.3,,,,,,,,Review subpoenas issued by prior counsel Woods for Plaintiff's medical records and further handling.
DCRA,20240408,DCRA,1010,38013,,,,0.2,0.2,,,,,,,,Review email from client Tapley concerning deposition preparation and accident details.
DCRA,20240408,DCRA,1522,34550,,,,0.1,0.1,,,,,,,,Email to clients concerning trial strategy.
DCRA,20240408,DCRA,4340,35711,,,,0.1,0.1,,,,,,,,Email to mediator concerning medation dates.
DCRA,20240408,DCRA,1014,33180,,,,0.2,0.2,,,,,,,,Review changes to stipulation made by opposing counsel and finalize stipulation.
DCRA,20240408,DCRA,1010,38013,,,,0.4,0.4,,,,,,,,Review Plaintiff's responses to interrogatories in connection with initial assessment.
DCRA,20240408,DCRA,1010,38013,,,,0.1,0.1,,,,,,,,Review email from Garcia to Tyson Mendes concerning Plaintiff's manuvers.
DCRA,20240404,DCRA,1522,34550,,,,1.1,1.1,,,,,,,,Telephone conference with septic expert concerning opinions.
DCRA,20240408,DCRA,4161,34973,,,,0.1,0.1,,,,,,,,Emails with Christina concerning 998.
DCRA,20240408,DCRA,4151,38741,,,,0.8,0.8,,,,,,,,Admin: Opening Matter`
DCRA,20240409,DCRA,4151,38741,,,,0.1,0.1,,,,,,,,Email to client concerning case assignment.
DCRA,20240409,DCRA,4201,34870,,,,0.2,0.2,,,,,,,,Email to opposing counsel concerning  Baker's requested extension of time to SBM's complaint.
DCRA,20240409,DCRA,4161,34973,,,,0.2,0.2,,,,,,,,Email to Greg concerning service of 998.
DCRA,20240409,DCRA,1014,33242,,,,0.1,0.1,,,,,,,,Email to opposing counsel Simon Grigorian concerning defendant's settlement position.
DCRA,20240409,DCRA,1014,38619,,,,0.2,0.2,,,,,,,,Email with Beckie concerning Claimant's personnel file.
DCRA,20240409,DCRA,1027,36652,,,,0.3,0.3,,,,,,,,Email with opposing counsel concerning mandatory rule 26(f) conference.
DCRA,20240409,DCRA,1014,38619,,,,0.1,0.1,,,,,,,,Email with Beckie concerning settlement authority.
DCRA,20240409,DCRA,1027,36652,,,,1,1,,,,,,,,Preparation of budget.
DCRA,20240409,DCRA,4151,38741,,,,0.2,0.2,,,,,,,,Email to and from client concerning representation and preservation of evidence.
DCRA,20240409,DCRA,4340,35711,,,,0.3,0.3,,,,,,,,Email to Julie concerning mediation dates and deposition.
DCRA,20240410,DCRA,3911,33823,,,,0.9,0.9,,,,,,,,Appear at CMC over Zoom.
DCRA,20240410,DCRA,1014,33180,,,,0.8,0.8,,,,,,,,Appeal--
DCRA,20240410,DCRA,1326,37642,,,,0.2,0.2,,,,,,,,Email to Carrie concerning potential indemnity with Irwin House.
DCRA,20240410,DCRA,1027,36652,,,,0.6,0.6,,,,,,,,Analysis of data produced by client reflecting FMLA/CFRA utilization.
DCRA,20240410,DCRA,4299,35484,,,,0.1,0.1,,,,,,,,Email to client concerning case status.
DCRA,20240410,DCRA,1027,37380,,,,0.8,0.8,,,,,,,,Fact finding interview with Gregg and Diane concerning background.
DCRA,20240410,DCRA,1010,38013,,,,0.2,0.2,,,,,,,,Email to opposing counsel concerning client Tapley's deposition.
DCRA,20240410,DCRA,1027,36652,,,,0.5,0.5,,,,,,,,Email to Angela and Regis concerning preliminary factfinding investigation and budet.
DCRA,20240410,DCRA,1010,38013,,,,0.2,0.2,,,,,,,,Email to client Rhemm concerning case update and conference call.
DCRA,20240410,DCRA,4711,38960,,,,0.6,0.6,,,,,,,,Review substitution of attorney forms for five matters.
DCRA,20240410,DCRA,1014,33242,,,,0.8,0.8,,,,,,,,Preparation of draft settlement agreement.
DCRA,20240410,DCRA,1014,33242,,,,0.2,0.2,,,,,,,,Email to clients conerning settlement agreement.
DCRA,20240411,DCRA,1010,38013,,,,0.5,0.5,,,,,,,,Email to Katie Garcia concerning case assessment and update.
DCRA,20240411,DCRA,1522,34550,,,,1,1,,,,,,,,"Conference with Jessica and Adam concerning trial strategy and service of 998 for $30,000."
DCRA,20240411,DCRA,3900,33770,,,,0.3,0.3,,,,,,,,Review meet and confer correspondence concerning discovery dispute.
DCRA,20240411,DCRA,4201,34870,,,,0.2,0.2,,,,,,,,Email with Rob concerning potential compromise permit early motion for summary adjudication.
DCRA,20240411,DCRA,4201,34870,,,,0.4,0.4,,,,,,,,Email from Rob conerning proposal to accept paragraph 25 for purposes of motion for summary adjudication.
DCRA,20240411,DCRA,3911,33823,,,,0.2,0.2,,,,,,,,"Legal strategy concerning motion to quash subpoena to Wingstop, Inc."
DCRA,20240411,DCRA,4711,38960,,,,0.4,0.4,,,,,,,,Update and draft engagement letters for de novo trials.
DCRA,20240411,DCRA,1014,35348,,,,0.1,0.1,,,,,,,,Email to and from client concerning position statement.
DCRA,20240411,DCRA,4711,38960,,,,0.9,0.9,,,,,,,,Telephone call to Dylan (former counsel) concerning transfer of file and case background.
DCRA,20240411,DCRA,4711,38960,,,,0.7,0.7,,,,,,,,Telephone confrence with Culjat of DLSE concerning represenation and case status.
DCRA,20240411,DCRA,1027,37380,,,,1,1,,,,,,,,Factfinding interview of Bronwyn Lindsay.
DCRA,20240412,DCRA,4711,38960,,,,0.3,0.3,,,,,,,,Email from Culjat concerning stipulation to continue trial.
DCRA,20240412,DCRA,1014,35348,,,,0.9,0.9,,,,,,,,Telephone call to opposing counsel Dan Price concerning settlement framework with equal parts cash and stock.
DCRA,20240412,DCRA,4340,35711,,,,1,1,,,,,,,,Conference with client and general counsel concerning case strategy.
DCRA,20240412,DCRA,4420,36177,,,,0.5,0.5,,,,,,,,Further analysis of wage data.
DCRA,20240412,DCRA,1326,37642,,,,0.6,0.6,,,,,,,,Update and draft general denial and affirmative defenses.
DCRA,20240412,DCRA,4711,38960,,,,0.2,0.2,,,,,,,,Email to Dylan concerning SOAs.
DCRA,20240412,DCRA,4711,38960,,,,0.1,0.1,,,,,,,,Email to Culjat concerning stipulations to continue trial.
DCRA,20240412,DCRA,4711,38960,,,,0.4,0.4,,,,,,,,Email to Dylan concerning amending notice of appeal.
DCRA,20240415,DCRA,1014,35348,,,,0.3,0.3,,,,,,,,Email to client concerning Plaintiff's settlement position.
DCRA,20240415,DCRA,4711,38960,,,,0.2,0.2,,,,,,,,Further follow up concerning transfer of file from prior law firm.
DCRA,20240415,DCRA,1014,35348,,,,0.8,0.8,,,,,,,,Telephone conference with client concerning Plaintiff's settlement offer and discussion of counteroffer.
DCRA,20240415,DCRA,1014,35348,,,,0.2,0.2,,,,,,,,Email to client concerning counterproposal to Plaintiff.
DCRA,20240415,DCRA,1522,34550,,,,0.6,0.6,,,,,,,,Draft and revise 998 offer of compromise to Plaintiffs.
DCRA,20240415,DCRA,1525,38792,,,,0.1,0.1,,,,,,,,Email to Heather concerning case assignment.
DCRA,20240415,DCRA,1045,34676,,,,0.2,0.2,,,,,,,,Email to Leslie concerning litigation report.
DCRA,20240415,DCRA,1014,35348,,,,0.2,0.2,,,,,,,,Email from opposing counsel Dan Price concerning counteroffer.
DCRA,20240415,DCRA,1525,38792,,,,0.3,0.3,,,,,,,,Email to Loraine concerning case status.
DCRA,20240415,DCRA,1014,33241,,,,0.3,0.3,,,,,,,,Review and update requests for admissions (set one) to Plaintiff.
DCRA,20240415,DCRA,1525,38792,,,,0.2,0.2,,,,,,,,Review and update SIR letter.
DCRA,20240415,DCRA,4711,38960,,,,0.6,0.6,,,,,,,,Review and update amended notice of appeal.
DCRA,20240415,DCRA,1525,38792,,,,0.8,0.8,,,,,,,,"Email to Loraine concerning case status, factfinding interviews, and document collection."
DCRA,20240415,DCRA,4151,38741,,,,0.7,0.7,,,,,,,,Email to client concerning preliminary case analysis.
DCRA,20240416,DCRA,4151,38741,,,,0.1,0.1,,,,,,,,Email to and from Dawn concerning case status.
DCRA,20240416,DCRA,4151,38741,,,,0.1,0.1,,,,,,,,Telephone call to opposing counsel concerning ineffective service and asset sale.
DCRA,20240416,DCRA,4711,38960,,,,0.3,0.3,,,,,,,,Review SOAs provided by client and further handling.
DCRA,20240416,DCRA,1027,36652,,,,0.9,0.9,,,,,,,,Appearance at Court mandated rule 26(f)  conference.
DCRA,20240416,DCRA,1522,34550,,,,0.3,0.3,,,,,,,,Further revisions to 998 offer of compromise.
DCRA,20240416,DCRA,1027,36652,,,,0.3,0.3,,,,,,,,Revision of trial schedule suggested by Plaintiff.
DCRA,20240416,DCRA,1522,34550,,,,0.1,0.1,,,,,,,,Email to opposing counsel concerning settlement.
DCRA,20240416,DCRA,1525,38792,,,,1.5,1.5,,,,,,,,Factfinding interview with Loraine and Julie concerning case background and personnel practices.
DCRA,20240416,DCRA,4711,38960,,,,0.2,0.2,,,,,,,,Email Culjat concerning stipulation to continue trial.
DCRA,20240416,DCRA,4711,38960,,,,3.9,3.9,,,,,,,,Review pleading file for five matters.
DCRA,20240416,DCRA,1014,35348,,,,0.6,0.6,,,,,,,,Email to opposing counsel Dan Price concerning Mojio stock option plan as it relates to settlement framework.
DCRA,20240416,DCRA,4711,38960,,,,2.6,2.6,,,,,,,,Preparation of correspondence to Culjat concerning the DLSE improper taking of default against client.
DCRA,20240416,DCRA,4711,38960,,,,0.4,0.4,,,,,,,,"Legal strategy concerning revision of SOAs reflecting Kumar Hotels, Inc."
DCRA,20240416,DCRA,1045,34676,,,,1.9,1.9,,,,,,,,Draft and update mediation liability and damages sections of pre-mediation assessment.
DCRA,20240417,DCRA,1525,38922,,,,1.5,1.5,,,,,,,,Admin-Opening new matter.
DCRA,20240417,DCRA,4711,38960,,,,0.4,0.4,,,,,,,,Email to and from Colleen concerning meet and confer over notice of appeal and improper judgment.
DCRA,20240417,DCRA,4711,38960,,,,0.2,0.2,,,,,,,,Further email from Colleen concerning agreement for Dlse to hold collection efforts.
DCRA,20240417,DCRA,1045,34676,,,,0.5,0.5,,,,,,,,Futher update and draft pre-mediation assessment.
DCRA,20240417,DCRA,1045,34676,,,,0.1,0.1,,,,,,,,Email to clients concerning premediation assessment.
DCRA,20240417,DCRA,1014,38411,,,,,,,,,,,,,Email to opposing counsel concerning case and potential settlement.
DCRA,20240417,DCRA,1014,38411,,,,0.2,0.2,,,,,,,,Review personnel file for Claimant.
DCRA,20240417,DCRA,3911,33823,,,,0.4,0.4,,,,,,,,"Preparation of objection to subpoena to Wingstop, Inc."
DCRA,20240418,DCRA,1045,34676,,,,0.1,0.1,,,,,,,,Email with Kristin concerning mediation.
DCRA,20240418,DCRA,1010,38013,,,,0.1,0.1,,,,,,,,Review deposition amended deposition notice for client Tapley.
DCRA,20240418,DCRA,4711,38960,,,,0.7,0.7,,,,,,,,Review meet and confer correspondence concerning Defendants responses to Plaintiffs discovery requestions set 1.
DCRA,20240418,DCRA,1326,37642,,,,0.2,0.2,,,,,,,,Email from Santiago (counsel for City of Fresno).
DCRA,20240419,DCRA,1522,34550,,,,0.3,0.3,,,,,,,,Email from opposing counsel concerning expert disclosures.
DCRA,20240420,DCRA,1045,34676,,,,0.2,0.2,,,,,,,,Email Leslie and Kristin concerning plan for mediation.
DCRA,20240421,DCRA,3911,33823,,,,0.3,0.3,,,,,,,,"Further legal strategy concerning Wingstop, Inc. subpoena."
DCRA,20240421,DCRA,1014,35348,,,,0.3,0.3,,,,,,,,Email to client concerning Plaintiff's new Counterdemand.
DCRA,20240422,DCRA,1522,34550,,,,0.2,0.2,,,,,,,,"Review notice of association from Griffith & Horn, Plaintiffs' cocounsel"
DCRA,20240422,DCRA,4711,38960,,,,0.1,0.1,,,,,,,,Email from Culjat concerning stipulation to continue trial.
DCRA,20240422,DCRA,1522,34550,,,,0.4,0.4,,,,,,,,Legal strategy concerning designation of Adam and Carl as nonretained experts.
DCRA,20240422,DCRA,1326,37642,,,,0.1,0.1,,,,,,,,Email from Meg concerning SIR
DCRA,20240422,DCRA,1522,34550,,,,0.4,0.4,,,,,,,,Review and update Defendant's Designation of Expert Witnesses.
DCRA,20240422,DCRA,1522,34550,,,,0.3,0.3,,,,,,,,Review expert designation and declaration served by Defendant Tarwarter.
DCRA,20240422,DCRA,1522,34550,,,,0.4,0.4,,,,,,,,Review expert designation and declaration served by Plaintiffs.
DCRA,20240423,DCRA,1014,35348,,,,0.3,0.3,,,,,,,,Email to and from client concerning new counteroffer to Plaintiff.
DCRA,20240423,DCRA,1014,35348,,,,0.2,0.2,,,,,,,,Email to opposing counsel concerning new counteroffer to Plaintiff.
DCRA,20240423,DCRA,4161,34973,,,,0.1,0.1,,,,,,,,Email to Greg concerning 998 and arbitration.
DCRA,20240423,DCRA,3911,33823,,,,0.3,0.3,,,,,,,,Review email from Jeremy setting forth Plaintiff's arguments in support of Third Amended Complaint.
DCRA,20240423,DCRA,3911,33823,,,,0.2,0.2,,,,,,,,Email from Jeremy concerning potential for settlement.
DCRA,20240423,DCRA,1027,36652,,,,0.2,0.2,,,,,,,,Revise and update court mandated ESI proposal.
DCRA,20240423,DCRA,3911,33823,,,,0.6,0.6,,,,,,,,Brief legal research concerning reasonable reliance element in a fraud claim.
DCRA,20240423,DCRA,3911,33823,,,,0.4,0.4,,,,,,,,Brief legal research on fraudlent inducement.
DCRA,20240423,DCRA,1525,38922,,,,0.3,0.3,,,,,,,,Telephone conference with Eric concerning matter.
DCRA,20240423,DCRA,1027,36652,,,,0.8,0.8,,,,,,,,Appearance at Court mandated ESI conference.
DCRA,20240423,DCRA,1525,38922,,,,0.1,0.1,,,,,,,,Email to Landon concerning new matter.
DCRA,20240423,DCRA,4201,34870,,,,0.3,0.3,,,,,,,,Email to Rob concerning stipulations in SF and SAC matters.
DCRA,20240423,DCRA,3911,33823,,,,0.1,0.1,,,,,,,,Email to Waleed concerning Wingstop subpoena.
DCRA,20240424,DCRA,1522,34550,,,,0.4,0.4,,,,,,,,Review notice of deposition of Plaintiffs' experts served by Defendant Tarwater
DCRA,20240424,DCRA,3911,33823,,,,0.4,0.4,,,,,,,,"Telephone conference with Waleed concerning Wingstop, Inc. subpoena."
DCRA,20240424,DCRA,1522,34550,,,,0.3,0.3,,,,,,,,Review email from Plaintiffs concerning expert depositions.
DCRA,20240424,DCRA,1014,35357,,,,0.3,0.3,,,,,,,,Email to Alyssa concerning case status update.
DCRA,20240424,DCRA,4711,38960,,,,0.7,0.7,,,,,,,,Review and respond to email from DLSE proposing amendment to notice of appeal and removal of lien against client's personal property.
DCRA,20240424,DCRA,1014,35348,,,,0.5,0.5,,,,,,,,Email to client concerning new counterdemand by Plaintiff and recommendation for counteroffer.
DCRA,20240424,DCRA,1525,38922,,,,0.2,0.2,,,,,,,,Further email with Landon concerning representation.
DCRA,20240424,DCRA,1045,34676,,,,0.9,0.9,,,,,,,,Update and draft mediation brief.
DCRA,20240424,DCRA,4711,38960,,,,0.2,0.2,,,,,,,,Email from Culjat concerning further meet and confer concerning discovery responses.
DCRA,20240424,DCRA,1027,36652,,,,0.8,0.8,,,,,,,,Draft and update joint case management statement.
DCRA,20240424,DCRA,1014,33242,,,,0.1,0.1,,,,,,,,Email draft settlement agreement to client for review.
DCRA,20240424,DCRA,1525,38922,,,,0.9,0.9,,,,,,,,Telephone conference with Landon concerning matter.
DCRA,20240424,DCRA,1525,38922,,,,0.6,0.6,,,,,,,,Preparation of joint defense agreement.
DCRA,20240424,DCRA,1045,34676,,,,0.1,0.1,,,,,,,,Email to Leslie and Kristin concerning Plaintiff's mediation brief.
DCRA,20240425,DCRA,1045,34676,,,,0.3,0.3,,,,,,,,Update and draft settlement agreement
DCRA,20240425,DCRA,1525,38922,,,,0.4,0.4,,,,,,,,Telephone conference with Landon concerning additional conflicts.
DCRA,20240425,DCRA,1045,34676,,,,5.5,5.5,,,,,,,,Attend mediation with Leslie.
DCRA,20240425,DCRA,3900,33770,,,,0.1,0.1,,,,,,,,Review and udpate amended discovery responses to Plaintiff.
DCRA,20240425,DCRA,4340,35711,,,,0.2,0.2,,,,,,,,Email to Julie concerning correspondence regarding Dufour v. Dufour action.
DCRA,20240425,DCRA,1014,35348,,,,0.2,0.2,,,,,,,,Further email with client concerning counteroffer.
DCRA,20240425,DCRA,1525,38922,,,,1.4,1.4,,,,,,,,Review complaint and attached contracts.
DCRA,20240425,DCRA,1014,33242,,,,0.2,0.2,,,,,,,,Email to opposing counsel concerning revised settlement agreement.
DCRA,20240425,DCRA,1525,38922,,,,0.1,0.1,,,,,,,,Further email with Landon concerning case.
DCRA,20240425,DCRA,1014,33242,,,,0.4,0.4,,,,,,,,Email from opposing counsel concerning requested revisions to settlement agreement.
DCRA,20240425,DCRA,4161,34973,,,,0.3,0.3,,,,,,,,Email to clients concerning case management conference.
DCRA,20240425,DCRA,1522,34550,,,,0.2,0.2,,,,,,,,Email with Adam concerning Plaintiff's failure even to respond to Defendants offer of settlement.
DCRA,20240425,DCRA,3900,33770,,,,0.3,0.3,,,,,,,,Review additional documents for production.
DCRA,20240425,DCRA,1045,34676,,,,0.2,0.2,,,,,,,,Email mediator concerning mediators proposal.
DCRA,20240425,DCRA,1045,34676,,,,0.3,0.3,,,,,,,,Email clients concerning mediators proposal.
DCRA,20240425,DCRA,4151,38741,,,,0.4,0.4,,,,,,,,Email to opposing counsel Weitz concerning ineffective service on Defendant.
DCRA,20240425,DCRA,1522,34550,,,,0.6,0.6,,,,,,,,Review email from Plaintiff setting forth basis of opposition to sanctions motion.
DCRA,20240425,DCRA,4161,34973,,,,0.1,0.1,,,,,,,,Further email to clients concerning arbitration.
DCRA,20240425,DCRA,1522,34550,,,,0.3,0.3,,,,,,,,Review email from Reynolds concerning opposition to motion for sanctions.
DCRA,20240425,DCRA,3900,33770,,,,0.3,0.3,,,,,,,,Final review of discovery responses and service.
DCRA,20240425,DCRA,1525,38792,,,,1.7,1.7,,,,,,,,Review personnel documents provided by client.
DCRA,20240426,DCRA,1522,34550,,,,0.7,0.7,,,,,,,,Further legal analysis of statute of limitations issue and relationback doctrine as it applies to motion for sanctions.
DCRA,20240426,DCRA,1522,34550,,,,0.4,0.4,,,,,,,,Final review of motion for sanctions against Plaintiffs.
DCRA,20240426,DCRA,1326,37642,,,,0.2,0.2,,,,,,,,Telephone conference  with Meg concerning case status.
DCRA,20240426,DCRA,1027,36652,,,,0.7,0.7,,,,,,,,"Email to Angela, Paul, and Ylianny concerning case status and recommended additional investigation."
DCRA,20240426,DCRA,1525,38922,,,,0.4,0.4,,,,,,,,Preparation of substitutions of attorney for seven clients.
DCRA,20240426,DCRA,1522,34550,,,,0.3,0.3,,,,,,,,Email update to Adam and Jessica concerning motion for sanctions.
DCRA,20240426,DCRA,1326,37642,,,,0.3,0.3,,,,,,,,Email to Carrie concerning whether Jackson was conserved or under state control.
DCRA,20240426,DCRA,1522,34550,,,,0.3,0.3,,,,,,,,Email with Jessica concerning 998 offer of compromise.
DCRA,20240426,DCRA,4151,38741,,,,0.3,0.3,,,,,,,,Further email to opposing counsel Weitz concerning improper service and improper defendant.
DCRA,20240426,DCRA,4151,38741,,,,0.8,0.8,,,,,,,,Email to client updating Matthew on case status.
DCRA,20240426,DCRA,1010,38013,,,,0.1,0.1,,,,,,,,Review and update notice of deposition for Plaintiff.
DCRA,20240426,DCRA,4711,38960,,,,0.2,0.2,,,,,,,,Email to Dylan concerning amending notice of appeal.
DCRA,20240426,DCRA,1014,38619,,,,0.3,0.3,,,,,,,,Email with opposing counsel concerning personnel documents.
DCRA,20240426,DCRA,1522,34550,,,,0.5,0.5,,,,,,,,Review notice of deposition to Carl Fletcher by Plaintiffs.
DCRA,20240426,DCRA,1014,38619,,,,0.3,0.3,,,,,,,,Email to Beckie and Ben concerning matter update.
DCRA,20240426,DCRA,4711,38960,,,,0.5,0.5,,,,,,,,Telephone conference to clerk of the Court concerning agumenting undertaking.
DCRA,20240426,DCRA,1045,34676,,,,0.3,0.3,,,,,,,,Emails with Leslie considering whether to accept mediators proposal.
DCRA,20240427,DCRA,4048,34248,,,,0.2,0.2,,,,,,,,Email to client concerning case update.
DCRA,20240429,DCRA,3911,33823,,,,0.2,0.2,,,,,,,,Email from Jeremy concerning motion to quash Wingstop subpoena.
DCRA,20240429,DCRA,1010,38013,,,,0.2,0.2,,,,,,,,Email to opposing counsel concerning Plaintiff's deposition.
DCRA,20240429,DCRA,1045,34676,,,,0.1,0.1,,,,,,,,Email to mediator accepting mediators proposal.
DCRA,20240429,DCRA,1045,34676,,,,0.2,0.2,,,,,,,,Email to Kristin concerning expecting mediators proposal.
DCRA,20240429,DCRA,1525,38922,,,,0.2,0.2,,,,,,,,Email to opposing counsel concerning substitutions of attorney.
DCRA,20240429,DCRA,1010,38013,,,,0.4,0.4,,,,,,,,Analysis of drawing of collision and paths of travel in connection with liability assessment.
DCRA,20240429,DCRA,1525,38922,,,,0.2,0.2,,,,,,,,Further email to Pat concerning case status.
DCRA,20240429,DCRA,1522,34550,,,,,,,,,,,,,Review Defendants supplemental document production served by Julee Bennett
DCRA,20240429,DCRA,1522,34550,,,,,,,,,,,,,0.3
DCRA,20240429,DCRA,1326,37642,,,,,,,,,,,,,"Review form interrogatories to Mental Health Systems, Inc."
DCRA,20240429,DCRA,1522,34550,,,,0.1,0.1,,,,,,,,Review email from Montanari concerning expert depositions.
DCRA,20240430,DCRA,1027,36652,,,,0.4,0.4,,,,,,,,Further revision to joint case management statement responding to  revisions by Plaintiffs.
DCRA,20240430,DCRA,1525,38922,,,,0.2,0.2,,,,,,,,"Email with Landon, Mark, and Elizabeth."
DCRA,20240430,DCRA,4201,34870,,,,0.2,0.2,,,,,,,,Review stipulation re Sacramento matter.
DCRA,20240430,DCRA,3911,33823,,,,0.2,0.2,,,,,,,,Email from Jeremy concerning motion to quash.
DCRA,20240430,DCRA,3900,33770,,,,0.2,0.2,,,,,,,,Review further meet and confer from Plaintiffs.
DCRA,20240430,DCRA,4711,38960,,,,0.3,0.3,,,,,,,,File augmented undertaking with Superior Court.
DCRA,20240430,DCRA,1014,38619,,,,0.1,0.1,,,,,,,,Email with opposing counsel concerning potential settlement.
DCRA,20240430,DCRA,4711,38960,,,,0.2,0.2,,,,,,,,"Email from Culjat concerning CMC date for June 24, 2024."
DCRA,20240430,DCRA,1522,34550,,,,1.3,1.3,,,,,,,,"Review responses to Tarwater’s Supplemental Request for Production of Documents, Supplemental Special Interrogatories, Supplemental Form Interrogatories, Julie Rentner’s Amended Response to Form Interrogatories and Document Production 2324-2331."
DCRA,20240430,DCRA,4711,38960,,,,0.3,0.3,,,,,,,,Further email from Culjat concerning updated undertaking.
DCRA,20240430,DCRA,1045,34676,,,,0.1,0.1,,,,,,,,Email with Leslie concerning status of mediators proposal.
DCRA,20240501,DCRA,1522,34550,,,,0.2,0.2,,,,,,,,Review Plaintiffs expert deposition notice to Carl Fletcher
DCRA,20240501,DCRA,1045,34676,,,,0.1,0.1,,,,,,,,Email to mediator concerning status of mediator's proposal.
DCRA,20240501,DCRA,1045,34676,,,,0.1,0.1,,,,,,,,Email with mediator concerning settlement agreement.
DCRA,20240501,DCRA,4028,35584,,,,0.2,0.2,,,,,,,,Legal strategy concerning settlement of Plaintiff's claims.
DCRA,20240501,DCRA,1045,34676,,,,0.3,0.3,,,,,,,,Further update and revise settlement agreement to align with terms proposed by Plaintiffs.
DCRA,20240501,DCRA,1045,34676,,,,0.2,0.2,,,,,,,,Email to Leslie and Kristin relating successful mediator's proposal and discussing next steps.
DCRA,20240501,DCRA,1045,34676,,,,0.3,0.3,,,,,,,,Email to Leslie concerning draft settlement agreement and apportionment.
DCRA,20240501,DCRA,1326,37642,,,,0.1,0.1,,,,,,,,Email from client concerning factfinding interview.l
DCRA,20240501,DCRA,1525,38792,,,,0.4,0.4,,,,,,,,Email to Heather provided case update.
DCRA,20240501,DCRA,1045,34676,,,,0.3,0.3,,,,,,,,Further email to mediator concerning additional settlement terms.
DCRA,20240501,DCRA,1045,34676,,,,0.4,0.4,,,,,,,,Email to mediator and opposing counsel concerning settlement terms and next steps.
DCRA,20240501,DCRA,1014,35348,,,,0.7,0.7,,,,,,,,Preparation of audit response to Ernst & Young.
DCRA,20240501,DCRA,3911,33823,,,,0.9,0.9,,,,,,,,Telephone conference with Jeremy concerning demurrer and Wingstop subpoena.
DCRA,20240501,DCRA,4340,35711,,,,0.2,0.2,,,,,,,,Email with opposing counsel concerning depositions.
DCRA,20240501,DCRA,1014,35348,,,,0.3,0.3,,,,,,,,Email to opposing counsel convey new counteroffer to Plaintiff.
DCRA,20240501,DCRA,1522,34550,,,,0.6,0.6,,,,,,,,Legal strategy concerning Plaintiffs' procedural arguments in opposition to motion for sanctions.
DCRA,20240501,DCRA,1045,34676,,,,0.3,0.3,,,,,,,,Email with opposing counsel concerning proposed revisions to draft settlement agreement.
DCRA,20240501,DCRA,1522,34550,,,,0.4,0.4,,,,,,,,Email to Adam and Carl concerning designation as nonretained experts.
DCRA,20240501,DCRA,1525,38922,,,,0.2,0.2,,,,,,,,Further emails with Landon concerning transfer of case file.
DCRA,20240502,DCRA,1522,34550,,,,0.8,0.8,,,,,,,,Telephone conference with Adam and Carl concerning expert opinions and discussion of factual support for opinions.
DCRA,20240502,DCRA,4340,35711,,,,0.1,0.1,,,,,,,,Further email to opposing counsel concerning deposition of Plainitff.
DCRA,20240502,DCRA,1525,38922,,,,1,1,,,,,,,,"Telephone conference with opposing counsel concerning case status, mediation, and meet and confer concerning discovery matters."
DCRA,20240502,DCRA,1045,34676,,,,0.2,0.2,,,,,,,,Email to Leslie concerning revised settlement agreement.
DCRA,20240502,DCRA,1045,34676,,,,0.3,0.3,,,,,,,,Revision of settlement agreement based on request from opposing counsel.
DCRA,20240502,DCRA,1014,35164,,,,0.1,0.1,,,,,,,,Email to clients concerning next steps.
DCRA,20240502,DCRA,1326,37642,,,,0.1,0.1,,,,,,,,Update and draft CMC statement.
DCRA,20240502,DCRA,4340,35711,,,,0.4,0.4,,,,,,,,Email to clients concerning Plaintiff's and Julie's depositions.
DCRA,20240502,DCRA,1522,34550,,,,0.3,0.3,,,,,,,,Review and update Defendant's OBJECTIONS to Plaintiffs' Notice of Deposition of Non-Retained Expert Witness Carl Fletcher.
DCRA,20240502,DCRA,1522,34550,,,,0.9,0.9,,,,,,,,Further telephone conference with Adam and Carl concerning expert depositions and further opinions.
DCRA,20240502,DCRA,4340,35711,,,,0.2,0.2,,,,,,,,Email to Jeff concerning case reassignment.
DCRA,20240502,DCRA,4347,35742,,,,0.3,0.3,,,,,,,,Telephone conference with Phil concerning banking issues.
DCRA,20240502,DCRA,1045,34676,,,,0.3,0.3,,,,,,,,Further email with client concerning further requests for modifications to settlement agreement.
DCRA,20240502,DCRA,1045,34676,,,,0.2,0.2,,,,,,,,Further email with client concerning scope of mutual release.
DCRA,20240503,DCRA,1045,34676,,,,0.2,0.2,,,,,,,,Further revision to draft settlement agreement based on instructions from Leslie.
DCRA,20240503,DCRA,4711,38960,,,,0.4,0.4,,,,,,,,Email from Culjat concerning stipulation to amend notice of appeal.
DCRA,20240503,DCRA,1014,38619,,,,0.6,0.6,,,,,,,,Telephone conference with opposing counsel concerning settlement.
DCRA,20240503,DCRA,4161,34973,,,,0.1,0.1,,,,,,,,Email with arbitrator concerning further case management conference.
DCRA,20240503,DCRA,1522,34550,,,,1.3,1.3,,,,,,,,"Trial strategy concerning jury instructions, motions in limine, witness lists, and trial brief."
DCRA,20240503,DCRA,1027,37380,,,,0.1,0.1,,,,,,,,Email to opposing counsel requesting a premediation demand.
DCRA,20240503,DCRA,4151,38741,,,,0.3,0.3,,,,,,,,Further email to Dawn concerning case status and redacted assignment and assumption agreement.
DCRA,20240503,DCRA,4151,38741,,,,0.8,0.8,,,,,,,,"Telephone conference with opposing counsel Weitz concerning services, improper defendant issues, and extension of deadline to respond to complaint."
DCRA,20240503,DCRA,4151,38741,,,,0.2,0.2,,,,,,,,Email to opposing counsel confirming extension of time to respond to complaint.
DCRA,20240503,DCRA,1014,35164,,,,0.2,0.2,,,,,,,,Email to Jordan concerning authority to accept of notice and acknowledgement of summons.
DCRA,20240503,DCRA,1014,35164,,,,0.2,0.2,,,,,,,,Email to opposing counsel concerning notice and acknowlegedment.
DCRA,20240503,DCRA,1014,35348,,,,0.3,0.3,,,,,,,,Email to client concerning stalled settlement negotiations.
DCRA,20240503,DCRA,1045,34676,,,,0.2,0.2,,,,,,,,Email to opposing counsel concerning compromise for settlement agreement.
DCRA,20240503,DCRA,1014,33242,,,,0.2,0.2,,,,,,,,Email final version of settlement agreement to opposing counsel for signature.
DCRA,20240503,DCRA,1522,34550,,,,0.9,0.9,,,,,,,,Email updating clients concerning expert depositions and potential trial assignments.
DCRA,20240503,DCRA,1522,34550,,,,0.1,0.1,,,,,,,,Email from Jessica concerning pretrial report.
DCRA,20240503,DCRA,1014,38619,,,,0.6,0.6,,,,,,,,Telephone conference with Jason of TEKSystems concerning potential global settlement.
DCRA,20240503,DCRA,1014,38619,,,,0.3,0.3,,,,,,,,Email to Beckie and Ben concerning case status and potential global resolution.
DCRA,20240503,DCRA,1326,37642,,,,0.4,0.4,,,,,,,,Determination of documents and information to be requested from City of Fresno.
DCRA,20240503,DCRA,1522,34550,,,,0.2,0.2,,,,,,,,Meet and confer with opposing counsel concerning depositions of experts.
DCRA,20240505,DCRA,1525,38922,,,,,,,,,,,,,Email 
DCRA,20240506,DCRA,4340,35711,,,,0.1,0.1,,,,,,,,Email to Jeff concerning SOA.
DCRA,20240506,DCRA,1045,34676,,,,0.3,0.3,,,,,,,,Final review of settlement agreement.
DCRA,20240506,DCRA,4711,38960,,,,0.4,0.4,,,,,,,,Review proposed stipulation and order re amendment.
DCRA,20240506,DCRA,1045,34676,,,,0.1,0.1,,,,,,,,Email final settlement agreement to Leslie.
DCRA,20240506,DCRA,1525,38922,,,,0.3,0.3,,,,,,,,Email to Elizabeth concerning discovery documents.
DCRA,20240506,DCRA,4340,35711,,,,0.5,0.5,,,,,,,,Telephone conference with opposing counsel concerning rescheduling depositions. 
DCRA,20240506,DCRA,4340,35711,,,,0.1,0.1,,,,,,,,Email to Jeff concerning rescheduling depositions.
DCRA,20240506,DCRA,1522,34550,,,,3.7,3.7,,,,,,,,Commence preparation for deposition of Carl Fletcher by review of deposition transcript of Adam Fletcher.
DCRA,20240506,DCRA,1522,34550,,,,0.8,0.8,,,,,,,,Conference with Septic Expert Bonneau.
DCRA,20240506,DCRA,4340,35711,,,,0.2,0.2,,,,,,,,Email to Jenelle concerning SOA.
DCRA,20240506,DCRA,1522,34550,,,,2.3,2.3,,,,,,,,Further preparation for expert deposition of Carl Fletcher by review of deposition transcript of Tim Gross.
DCRA,20240506,DCRA,1522,34550,,,,2.9,2.9,,,,,,,,Review of transcript of Tommy Robertson in connection with expert deposition of  Carl Fletcher.
DCRA,20240507,DCRA,1014,36047,,,,,,,,,,,,,Legal analysis concerning witness Tindhoy and impact on case.
DCRA,20240507,DCRA,1027,36652,,,,0.7,0.7,,,,,,,,Appearance at case management conference.
DCRA,20240507,DCRA,1522,34550,,,,0.3,0.3,,,,,,,,Email with opposing counsel Ernest Montanari.
DCRA,20240507,DCRA,1027,36652,,,,0.3,0.3,,,,,,,,Email to clients concerning case management conference statement.
DCRA,20240507,DCRA,1014,38411,,,,0.3,0.3,,,,,,,,Email with Felicia concerning case facts.
DCRA,20240508,DCRA,1045,34676,,,,0.1,0.1,,,,,,,,Email final agreement to opposing counsel.
DCRA,20240508,DCRA,1522,34550,,,,1.8,1.8,,,,,,,,Review Plaintiff's opposition to motion for sanctions and commence preparation of reply.
DCRA,20240508,DCRA,1525,38922,,,,0.2,0.2,,,,,,,,Email to opposing counsel concerning representation of Anesthesia USA.
DCRA,20240508,DCRA,1525,38922,,,,2.7,2.7,,,,,,,,Commence review of case file.
DCRA,20240508,DCRA,3911,33823,,,,3.7,3.7,,,,,,,,Draft memorandum of points and authorities in support of demurrer.
DCRA,20240509,DCRA,1522,34550,,,,0.1,0.1,,,,,,,,Email from client concerning case assessment.
DCRA,20240509,DCRA,1522,34550,,,,0.4,0.4,,,,,,,,Email from client concerning records from county clerk and new septic work planned by Plaintiffs.
DCRA,20240510,DCRA,1522,34550,,,,2.1,2.1,,,,,,,,"Review and update pretrial report, including legal analysis section."
DCRA,20240510,DCRA,1522,34550,,,,1.1,1.1,,,,,,,,Preparation of trial budget.
DCRA,20240510,DCRA,1522,34550,,,,0.1,0.1,,,,,,,,Email to client concerning pretrial report and trial budget.
DCRA,20240510,DCRA,1522,34550,,,,0.1,0.1,,,,,,,,Email to Carl and Adam attaching pretrial report and budget.
DCRA,20240510,DCRA,3911,33823,,,,0.4,0.4,,,,,,,,Draft request for judicial notice in support of demurrer.
DCRA,20240510,DCRA,3911,33823,,,,0.7,0.7,,,,,,,,Draft and update declaration in support of demurrer.
DCRA,20240510,DCRA,3911,33823,,,,1.4,1.4,,,,,,,,Further update and revise memorandum of points and authorities in support of demurrer.
DCRA,20240510,DCRA,1522,34550,,,,0.5,0.5,,,,,,,,Review email from Montanari concerning trial procedures and pretrial motions.
DCRA,20240510,DCRA,1014,33180,,,,0.2,0.2,,,,,,,,Email opposing counsel concerning new trial dates in October and November.
DCRA,20240510,DCRA,1083,39236,,,,0.2,0.2,,,,,,,,Telephone call to opposing counsel concerning represenation and confirming intention to file an answer.
DCRA,20240510,DCRA,1083,39236,,,,0.1,0.1,,,,,,,,Email to Sean concerning case assignment.
DCRA,20240510,DCRA,3911,33823,,,,0.4,0.4,,,,,,,,Review and update proposed order in support of demurrer.
DCRA,20240510,DCRA,1522,34550,,,,0.8,0.8,,,,,,,,Review of discovery responses concerning potential trial witnesses.
DCRA,20240510,DCRA,1083,39236,,,,0.1,0.1,,,,,,,,Email with opposing counsel concerning potential default against client.
DCRA,20240510,DCRA,1522,34550,,,,0.9,0.9,,,,,,,,"Telephone conference with opposing counsel Ernest Montanari concerning potential settlement strategies with Plaintiffs, expert depositions, judicial assignments, and potential continuance."
DCRA,20240510,DCRA,1522,34550,,,,0.8,0.8,,,,,,,,"Review Plaintiffs' objection to supplemental expert witness disclosure and declaration, notice of taking deposition of Adam Fletcher, notice of taking deposition of George Natale, and notice of deposition of Gary Dean Trimble."
DCRA,20240510,DCRA,1522,34550,,,,1,1,,,,,,,,"Telephone conference with Jessica concerning trial strategy, potential for settlement, and motion for sanctions."
DCRA,20240510,DCRA,1522,34550,,,,0.4,0.4,,,,,,,,"Legal strategy concerning third party trial subpoenas to County of Sutter, and County septic inspector."
DCRA,20240510,DCRA,1522,34550,,,,0.4,0.4,,,,,,,,Legal strategy concerning notices of appearance with production of documents.
DCRA,20240510,DCRA,1522,34550,,,,1.4,1.4,,,,,,,,Review and update CACI jury instructions.
